snp	S13	S7	S8	S1	S2	S3	S5	S9	S10	S11	S12	S14	S15	S16	S17
chr11:108098460A>G	0.0	0.00228050171037628	0.0	0.0	0.00182481751824818	0.0	0.0024390243902439	0.0	0.0	0.0	0.0	0.0	0.0	0.0	0.0
chr11:108115463T>C	0.0	0.0	0.0	0.00617283950617284	0.0	0.0	0.0	0.0	0.0	0.0	0.0	0.00268817204301075	0.0	0.0	0.00529100529100529
chr11:108115481T>G	0.0	0.0	0.0	0.0	0.0	0.0	0.0	0.0	0.0	0.0	0.0	0.0	0.0	0.0	0.0
chr11:108115661G>A	0.0	0.00136425648021828	0.0	0.0	0.00462962962962963	0.00389105058365759	0.0	0.0	0.0	0.0	0.0	0.0	0.00833333333333333	0.0	0.0
chr11:108117678T>C	0.0077720207253886	0.00193986420950533	0.00821018062397373	0.0	0.0016	0.0046583850931677	0.00336134453781513	0.0	0.0	0.0	0.00237529691211401	0.0	0.00175131348511384	0.00194174757281553	0.00387596899224806
chr11:108121329C>T	0.0	0.002389486260454	0.0	0.00288184438040346	0.0	0.0	0.0	0.0	0.0	0.0	0.0	0.0	0.0	0.0	0.0
chr11:108121331A>T	0.0	0.001194743130227	0.0	0.0	0.0	0.00210970464135021	0.0	0.0	0.0	0.0	0.00184842883548983	0.0	0.0	0.0	0.0
chr11:108121358C>T	0.00305810397553517	0.00596658711217184	0.0	0.00576368876080692	0.0	0.00420168067226891	0.0	0.00767263427109974	0.0	0.0	0.00184842883548983	0.0016750418760469	0.00244498777506112	0.0	0.0
chr11:108121360A>T	0.00305810397553517	0.0035799522673031	0.00483091787439614	0.00288184438040346	0.00260416666666667	0.0	0.00253164556962025	0.0	0.0109289617486339	0.00478468899521531	0.00184842883548983	0.0	0.00488997555012225	0.00302114803625378	0.00241545893719807
chr11:108121364A>T	0.0	0.001194743130227	0.0	0.0	0.0	0.0	0.00253164556962025	0.0	0.0	0.0	0.0018450184501845	0.0	0.0	0.00302114803625378	0.0
chr11:108121374A>T	0.0	0.00119617224880383	0.0	0.00290697674418605	0.00261096605744125	0.00210526315789474	0.0	0.0	0.0	0.0	0.0	0.0	0.00245700245700246	0.0	0.0
chr11:108121379G>T	0.0	0.0	0.0	0.0	0.0	0.0	0.0	0.0	0.0	0.0	0.0	0.0	0.0	0.0	0.0
chr11:108121382A>G	0.00318471337579618	0.00121212121212121	0.0	0.0	0.0	0.00217391304347826	0.0	0.0	0.00835654596100279	0.00495049504950495	0.0	0.00171821305841924	0.0	0.0	0.0
chr11:108121385G>C	0.0125391849529781	0.00720288115246098	0.00985221674876847	0.0205882352941176	0.0234986945169713	0.00863930885529158	0.0103092783505155	0.0154639175257732	0.0110497237569061	0.0555555555555556	0.0115384615384615	0.0	0.0364963503649635	0.00317460317460317	0.00503778337531486
chr11:108121407A>T	0.00173611111111111	0.0	0.0	0.0	0.00176056338028169	0.00182815356489945	0.00203252032520325	0.00344827586206897	0.0	0.0	0.00138888888888889	0.0	0.0	0.0	0.0
chr11:108121410C>CTT	0.0389380530973451	0.0295809367296631	0.0368324125230203	0.0144329896907217	0.0711743772241993	0.0240740740740741	0.0287474332648871	0.0574912891986063	0.0604288499025341	0.081447963800905	0.0521861777150917	0.0068259385665529	0.0656324582338902	0.0137524557956778	0.0306513409961686
chr11:108121426A>T	0.0029585798816568	0.0	0.0	0.0	0.00704225352112676	0.0	0.0	0.00327868852459016	0.00403225806451613	0.0	0.0045045045045045	0.00353356890459364	0.00167224080267559	0.0	0.0036231884057971
chr11:108121430T>A	0.00346020761245675	0.00213675213675214	0.0	0.005	0.00427350427350427	0.0	0.0	0.0128755364806867	0.00980392156862745	0.0	0.0	0.0	0.00198412698412698	0.0	0.0
chr11:108121435A>T	0.00355871886120996	0.00672645739910314	0.0	0.0	0.00909090909090909	0.00900900900900901	0.0	0.0	0.0	0.00387596899224806	0.00416666666666667	0.0333333333333333	0.0040650406504065	0.0	0.0
chr11:108121458G>T	0.0	0.0	0.00537634408602151	0.00561797752808989	0.00452488687782805	0.0	0.0	0.0	0.0	0.0	0.00427350427350427	0.0	0.00204498977505112	0.0	0.0
chr11:108121482T>G	0.0	0.00088809946714032	0.0	0.0	0.0	0.0	0.00409836065573771	0.0	0.0	0.0	0.0	0.0	0.00173611111111111	0.00302114803625378	0.0
chr11:108121491T>C	0.00595238095238095	0.00355555555555556	0.00716845878136201	0.0113636363636364	0.0	0.0	0.00408163265306122	0.00311526479750779	0.0	0.0033112582781457	0.0	0.0	0.00347826086956522	0.0	0.0
chr11:108121505T>A	0.0	0.0	0.0	0.0	0.00308641975308642	0.0	0.0	0.00311526479750779	0.0	0.0	0.0	0.0	0.00174825174825175	0.0	0.0
chr11:108121512T>C	0.00297619047619048	0.0017825311942959	0.00357142857142857	0.0114503816793893	0.0	0.0	0.00813008130081301	0.00311526479750779	0.0036101083032491	0.0	0.00263852242744063	0.0	0.0	0.0	0.0
chr11:108121534C>G	0.116279069767442	0.0181311018131102	0.0714285714285714	0.113207547169811	0.104838709677419	0.016	0.0305343511450382	0.0806451612903226	0.0695652173913043	0.223684210526316	0.072289156626506	0.0	0.149122807017544	0.0247933884297521	0.0555555555555556
chr11:108122554T>C	0.00632911392405063	0.00276243093922652	0.0	0.0	0.0	0.0	0.0	0.0050761421319797	0.0	0.00512820512820513	0.00793650793650794	0.0425531914893617	0.00366300366300366	0.0	0.0
chr11:108123662T>C	0.00173310225303293	0.0	0.0055005500550055	0.00132802124833997	0.0	0.00445930880713489	0.00131406044678055	0.00244498777506112	0.00245098039215686	0.00840336134453781	0.00255754475703325	0.000726216412490922	0.00223214285714286	0.00443131462333826	0.0
chr11:108141790G>T	0.0	0.0	0.0	0.00288184438040346	0.0	0.0	0.0	0.0	0.0	0.0	0.0	0.0	0.0	0.0	0.0
chr11:108141799G>T	0.0	0.0	0.0	0.0	0.0	0.0022075055187638	0.0	0.0	0.0	0.0	0.0	0.0	0.0	0.0	0.0
chr11:108141952G>T	0.0	0.0	0.0	0.0	0.0	0.0	0.00280112044817927	0.0	0.0	0.0	0.0	0.0	0.0	0.00230414746543779	0.0
chr11:108141955C>CT	0.0452261306532663	0.0869877785765636	0.0749279538904899	0.0553935860058309	0.0504587155963303	0.0819672131147541	0.0564971751412429	0.048	0.0625	0.0423728813559322	0.117516629711752	0.119047619047619	0.0468164794007491	0.0511627906976744	0.0779220779220779
chr11:108141971A>T	0.0	0.0	0.0	0.0	0.0	0.0	0.0	0.0	0.0	0.0	0.0	0.0	0.0	0.0	0.0
chr11:108143177A>G	0.0	0.0043731778425656	0.00515463917525773	0.0	0.0028169014084507	0.00256410256410256	0.0	0.0	0.0	0.0	0.00193050193050193	0.0	0.0	0.0	0.005249343832021
chr11:108150373C>T	0.0	0.00123152709359606	0.0	0.0	0.00530503978779841	0.0020703933747412	0.0	0.00378071833648393	0.0	0.0	0.00284090909090909	0.0025	0.0	0.0	0.00394477317554241
chr11:108153662A>G	0.0	0.00386100386100386	0.0	0.0	0.0125523012552301	0.0	0.00416666666666667	0.00232558139534884	0.0	0.0	0.0	0.0	0.0	0.00467289719626168	0.00398406374501992
chr11:108160324T>C	0.0045662100456621	0.00140646976090014	0.0	0.0	0.00515463917525773	0.00616016427104723	0.00297619047619048	0.00346020761245675	0.0	0.0	0.00202020202020202	0.00379506641366224	0.0	0.0	0.00382409177820268
chr11:108173666T>G	0.0	0.0	0.0	0.0	0.0	0.0	0.0	0.0	0.0	0.0	0.0	0.0	0.0	0.0	0.0
chr11:108173670A>T	0.0	0.000979431929480901	0.0	0.0	0.00333333333333333	0.0	0.0	0.0	0.0	0.0	0.0	0.0	0.00214592274678112	0.00215982721382289	0.0
chr11:108175509A>T	0.0	0.0	0.0	0.0	0.0	0.00313479623824451	0.0	0.0	0.0	0.0	0.0	0.0	0.0	0.0	0.00398406374501992
chr11:108175516A>C	0.0	0.0	0.0	0.0	0.0	0.0	0.0	0.0	0.0	0.0	0.0	0.0	0.0	0.0	0.0
chr11:108175519A>G	0.0	0.00234192037470726	0.0	0.0	0.0	0.0	0.00355871886120996	0.0	0.0	0.0	0.00280112044817927	0.0	0.0	0.00531914893617021	0.004
chr11:108175525C>T	0.0	0.0	0.0	0.0	0.0	0.0	0.0	0.0	0.0	0.0	0.0	0.0	0.0	0.0	0.00396825396825397
chr11:108175532A>C	0.00248138957816377	0.0038265306122449	0.0050125313283208	0.0029673590504451	0.00229885057471264	0.0	0.0	0.00744416873449132	0.00547945205479452	0.00638977635782748	0.00206185567010309	0.0	0.0	0.0	0.00476190476190476
chr11:108175537T>C	0.0	0.00381679389312977	0.0	0.0	0.0	0.00245700245700246	0.0024330900243309	0.00492610837438424	0.00549450549450549	0.0	0.0	0.00715990453460621	0.00185873605947955	0.00267379679144385	0.0142857142857143
chr11:108175540C>A	0.0	0.00128205128205128	0.0	0.0	0.00230414746543779	0.0	0.0	0.00496277915632754	0.0	0.0	0.0	0.0	0.0	0.0	0.00478468899521531
chr11:108175543A>C	0.0	0.0	0.0	0.00552486187845304	0.0	0.0	0.00531914893617021	0.0	0.0	0.0	0.0	0.0	0.0	0.00436681222707424	0.00458715596330275
chr11:108178609AT>A	0.0	0.00286327845382963	0.00444444444444444	0.00488997555012225	0.0	0.00173010380622837	0.0	0.00590551181102362	0.00665188470066519	0.0	0.00133511348464619	0.0	0.0	0.0	0.00220264317180617
chr11:108178615G>C	0.0	0.0	0.00221729490022173	0.0	0.0	0.0	0.0	0.0	0.0	0.0	0.0	0.0	0.0	0.0	0.0
chr11:108180833T>C	0.0034965034965035	0.000871080139372822	0.00245098039215686	0.0	0.0	0.0022271714922049	0.0	0.0	0.0	0.0	0.00205761316872428	0.00500834724540901	0.00520833333333333	0.0	0.0
chr11:108180854A>G	0.0034965034965035	0.002615518744551	0.0	0.00307692307692308	0.00895522388059702	0.0	0.00490196078431373	0.0	0.0	0.0	0.00204498977505112	0.00335570469798658	0.00261096605744125	0.00623052959501558	0.0
chr11:108183186G>C	0.0	0.0	0.0	0.0	0.0	0.0	0.0	0.0	0.0	0.0	0.00120048019207683	0.0	0.0	0.0	0.0
chr11:108198249C>CT	0.08	0.0	0.0588235294117647	0.0172413793103448	0.0	0.05	0.0	0.0285714285714286	0.0652173913043478	0.0444444444444444	0.0526315789473684	0.0	0.0227272727272727	0.0	0.0
chr11:108198267C>T	0.0	0.0	0.0	0.0	0.0204081632653061	0.0	0.0	0.0	0.0	0.0	0.0	0.0833333333333333	0.0	0.0	0.0
chr11:108216493A>T	0.0	0.0	0.0036231884057971	0.0	0.0	0.0	0.0	0.0	0.0	0.0	0.0026525198938992	0.0	0.0	0.0	0.0
chr11:108218087A>T	0.0	0.0	0.0	0.00217391304347826	0.00135685210312076	0.00124688279301746	0.0	0.0	0.0	0.0	0.0	0.00187090739008419	0.00154559505409583	0.0	0.0
chr11:108225461T>G	0.0032258064516129	0.0	0.0	0.00321543408360129	0.0	0.0	0.0	0.0	0.0	0.0	0.0	0.0	0.0	0.0	0.0
chr11:108225496G>T	0.0	0.0009000900090009	0.00227272727272727	0.0	0.0	0.0	0.0	0.0	0.0	0.0	0.00156494522691706	0.00132100396301189	0.0	0.0	0.0
chr11:108225531A>T	0.0	0.0	0.0	0.0	0.00205338809034908	0.0	0.0	0.00232558139534884	0.0	0.0	0.0	0.00130548302872063	0.0	0.00272479564032698	0.00257731958762887
chr11:108235876G>A	0.0	0.00192678227360308	0.0	0.0	0.0	0.0	0.0161290322580645	0.0	0.0	0.0	0.0	0.0	0.0	0.0	0.0
chr13:32890595A>T	0.0	0.00309597523219814	0.0	0.0	0.00152671755725191	0.0	0.0	0.00380952380952381	0.0	0.0	0.0	0.000998003992015968	0.0	0.0	0.0
chr13:32893197A>AT	0.0625	0.0349854227405248	0.0330578512396694	0.0398009950248756	0.0386100386100386	0.0344827586206897	0.0125523012552301	0.0533333333333333	0.0373831775700935	0.0686274509803922	0.0591549295774648	0.0602409638554217	0.0506912442396313	0.0372093023255814	0.03125
chr13:32893239G>A	0.0	0.0	0.00858369098712446	0.00523560209424084	0.00803212851405622	0.0	0.0	0.0	0.0	0.0103092783505155	0.0	0.0	0.0	0.0	0.0
chr13:32893241T>C	0.0	0.0	0.00862068965517241	0.0105263157894737	0.0	0.00318471337579618	0.00427350427350427	0.0	0.004739336492891	0.0	0.0	0.0025062656641604	0.0	0.00485436893203883	0.00892857142857143
chr13:32893253CT>C	0.0062111801242236	0.00264550264550265	0.00420168067226891	0.0	0.00387596899224806	0.0	0.0	0.00432900432900433	0.0	0.0	0.0	0.0	0.00956937799043062	0.0045662100456621	0.0
chr13:32899260A>T	0.0	0.0	0.0	0.0	0.0	0.0	0.0	0.00454545454545455	0.0	0.0	0.0	0.0	0.0	0.0	0.0
chr13:32900263GT>G	0.00284090909090909	0.00338983050847458	0.00184842883548983	0.0	0.0	0.00164473684210526	0.0	0.0	0.0	0.010989010989011	0.0	0.0	0.00180505415162455	0.00204081632653061	0.00170357751277683
chr13:32900475G>T	0.0	0.0	0.0	0.0	0.0	0.0	0.00328947368421053	0.0	0.0	0.0	0.00240963855421687	0.0	0.0	0.0	0.0
chr13:32903595C>G	0.203947368421053	0.512422360248447	0.149606299212598	0.126373626373626	0.171673819742489	0.0764462809917355	0.12401055408971	0.137855579868709	0.124260355029586	0.256637168141593	0.00575815738963532	0.00568181818181818	0.0286458333333333	0.1875	0.172222222222222
chr13:32905064A>G	0.0023696682464455	0.0131926121372032	0.00711237553342817	0.00178890876565295	0.00815217391304348	0.00775193798449612	0.00564971751412429	0.010840108401084	0.00474683544303797	0.00961538461538462	0.00498753117206983	0.00511770726714432	0.00727272727272727	0.00618556701030928	0.00148148148148148
chr13:32907503A>T	0.00194931773879142	0.0	0.00234466588511137	0.0	0.00156494522691706	0.00202429149797571	0.00389105058365759	0.0	0.0	0.00263852242744063	0.0	0.00080450522928399	0.0011037527593819	0.0	0.0
chr13:32907527A>T	0.001953125	0.00465116279069767	0.00117233294255569	0.0	0.009375	0.00201816347124117	0.0012970168612192	0.00558659217877095	0.00284090909090909	0.00531914893617021	0.004516711833785	0.0	0.00220994475138122	0.00121212121212121	0.00423728813559322
chr13:32911026CT>C	0.0024390243902439	0.00165016501650165	0.0015625	0.0	0.0	0.0	0.0	0.0	0.0	0.0117647058823529	0.0	0.0	0.0	0.0	0.00116550116550117
chr13:32911765AT>A	0.0182481751824818	0.00769230769230769	0.0025974025974026	0.00384615384615385	0.00595238095238095	0.00423728813559322	0.00244498777506112	0.0	0.00313479623824451	0.00540540540540541	0.0	0.0	0.00421940928270042	0.0	0.00209643605870021
chr13:32911931A>T	0.0	0.0	0.0	0.0	0.0	0.0	0.0	0.0	0.0	0.0	0.0	0.0	0.003690036900369	0.0	0.0
chr13:32912466C>CTGCT	0.462328767123288	0.0	0.0	0.0	0.0	0.0	0.0342679127725857	0.0	0.0	0.0	0.0	0.0	0.0	0.0	0.0
chr13:32912695TA>T	0.0	0.00603621730382294	0.00409416581371546	0.00149476831091181	0.0	0.0	0.0	0.00121654501216545	0.0	0.00412371134020619	0.0	0.0	0.0	0.00170648464163823	0.0
chr13:32914058C>G	0.0	0.00574712643678161	0.0	0.0	0.0	0.0020703933747412	0.0	0.00261780104712042	0.0	0.0	0.0	0.0	0.0	0.0	0.0
chr13:32914112AT>A	0.0	0.00539083557951483	0.00443458980044346	0.00278551532033426	10.0	0.0	0.00204081632653061	0.00253807106598985	0.0	50.0	0.0016	0.0	0.0	0.003690036900369	0.0
chr13:32914168T>G	0.0	0.0	0.002710027100271	0.0	0.0	0.0112359550561798	0.0	0.004149377593361	0.0	0.00251256281407035	0.0	0.0172413793103448	0.0	0.00255754475703325	0.00286532951289398
chr13:32914198T>A	0.0	0.0	0.00267379679144385	0.0	0.0	0.0	0.0	0.00411522633744856	0.0	0.00249376558603491	0.0	0.0	0.0	0.0	0.0
chr13:32914251T>G	0.00383141762452107	0.000952380952380952	0.0	0.00218340611353712	0.00337837837837838	0.00181818181818182	0.0	0.0	0.0	0.0	0.0	0.0	0.0	0.0	0.0
chr13:32914265C>T	0.0	0.0	0.0	0.00401606425702811	0.0	0.00251889168765743	0.0099009900990099	0.0	0.00387596899224806	0.0	0.0	0.0	0.00336700336700337	0.0	0.0
chr13:32915061TA>T	0.00247524752475248	0.00119047619047619	0.00900900900900901	0.00338983050847458	0.00632911392405063	0.0	0.00393700787401575	0.0066006600660066	0.00671140939597315	0.00263852242744063	0.0	0.0185185185185185	0.0111731843575419	0.0	0.00518134715025907
chr13:32915299T>A	0.0	0.0	0.0	0.0	0.0	0.0	0.00341296928327645	0.0	0.0	0.0	0.0	0.00402414486921529	0.0	0.0	0.0
chr13:32918794A>G	0.00227790432801822	0.00797872340425532	0.00161812297734628	0.004149377593361	0.0	0.00137551581843191	0.00500834724540901	0.00183150183150183	0.00185185185185185	0.0	0.0	0.0	0.00166389351081531	0.00557620817843866	0.0017636684303351
chr13:32921015T>G	0.0223123732251521	0.0407523510971787	0.011889035667107	0.012987012987013	0.0094488188976378	0.00378787878787879	0.0110650069156293	0.00574712643678161	0.0108864696734059	0.0202020202020202	0.0010752688172043	0.00168776371308017	0.0	0.0215686274509804	0.0141732283464567
chr13:32930589C>T	0.0	0.0	0.00395256916996047	0.0	0.0	0.00377358490566038	0.00452488687782805	0.0	0.0	0.0	0.0032258064516129	0.0	0.0	0.0145631067961165	0.0
chr13:32930593A>G	0.0	0.0	0.00784313725490196	0.0	0.0202020202020202	0.0	0.00452488687782805	0.0	0.0	0.0	0.0	0.0028735632183908	0.00966183574879227	0.00970873786407767	0.0
chr13:32930603G>A	0.0	0.0	0.00395256916996047	0.0	11.0	0.0	0.00452488687782805	0.0	0.0	51.0	0.0	0.0	0.0	0.0	0.0
chr13:32930618A>G	0.0	0.00333333333333333	0.00389105058365759	0.0	0.00512820512820513	0.0	0.00452488687782805	0.0	0.0	0.018018018018018	0.0	0.00289017341040462	0.0	0.00492610837438424	0.0
chr13:32937685A>G	0.0	0.00269541778975741	0.0	0.0	0.0	0.05	0.0	0.0	0.00714285714285714	0.0	0.0175438596491228	0.08	0.00757575757575758	0.01	0.0
chr13:32944539A>T	0.0	0.0	0.00261780104712042	0.0	0.0	0.0	0.0	0.0	0.00374531835205993	0.0	0.0	0.0	0.0	0.0	0.0
chr13:32950763T>A	0.0	0.0	0.0	0.0	0.00171526586620926	0.0	0.0	0.0	0.00192307692307692	0.0	0.0	0.0	0.0	0.0	0.00196078431372549
chr13:32950938T>C	0.0	0.0	0.0	0.00418410041841004	0.00399201596806387	0.00191204588910134	0.0	0.00371057513914657	0.00221729490022173	0.0	0.0050761421319797	0.0	0.0	0.0	0.0
chr13:32950939A>C	0.0	0.0	0.0	0.0	11.0	0.0	0.0	0.0	0.0	56.0	0.0	0.0	0.0	0.0	0.0
chr13:32953908CA>C	0.0	0.00387897595034911	0.0	0.0	0.0	0.0015552099533437	0.00168067226890756	0.0	0.0	0.0	0.0	0.0	0.0	0.0014265335235378	0.00113122171945701
chr13:32954085T>A	0.034136546184739	0.0379609544468547	0.037914691943128	0.0167224080267559	0.0120481927710843	0.0219298245614035	0.0213675213675214	0.00649350649350649	0.0144508670520231	0.0310262529832936	0.0169491525423729	0.0108695652173913	0.0104166666666667	0.0275	0.0323275862068966
chr13:32954123T>A	0.0	0.0	0.00337837837837838	0.0	0.0	0.0	0.0	0.0	0.0	0.0	0.00263852242744063	0.0	0.00324675324675325	0.0	0.0
chr13:32971198T>C	0.0	0.0174418604651163	0.0	0.00552486187845304	0.00259067357512953	0.00643776824034335	0.0	0.00221238938053097	0.00533333333333333	0.00588235294117647	0.0	0.00315457413249211	0.00617283950617284	0.0	0.00763358778625954
chr17:41197708T>G	0.00980392156862745	0.00628930817610063	0.00920810313075507	0.0141342756183746	0.0190058479532164	0.0443349753694581	0.0113821138211382	0.0320404721753794	0.013215859030837	0.0176211453744493	0.0304740406320542	0.0223048327137546	0.0148026315789474	0.00869565217391304	0.0110091743119266
chr17:41197714A>G	0.00993377483443709	0.00229885057471264	0.0171149144254279	0.0103092783505155	0.0141987829614604	0.0175438596491228	0.00842105263157895	0.0144578313253012	0.0167014613778706	0.0168067226890756	0.0109717868338558	0.0153609831029186	0.00680272108843537	0.00561797752808989	0.0375335120643432
chr17:41197722T>G	0.0132450331125828	0.00233644859813084	0.00733496332518337	0.00520833333333333	0.0181086519114688	0.0113851992409867	0.0103734439834025	0.00947867298578199	0.00838574423480084	0.00418410041841004	0.00460122699386503	0.0135542168674699	0.0113122171945701	0.00847457627118644	0.00808625336927224
chr17:41197729T>G	0.00333333333333333	0.00707547169811321	0.00735294117647059	0.00789473684210526	0.00803212851405622	0.015180265654649	0.00836820083682008	0.00238095238095238	0.00631578947368421	0.0	0.00460829493087558	0.00603318250377074	0.00681818181818182	0.0028328611898017	0.010840108401084
chr17:41197733T>G	0.0	0.0	0.0	0.00529100529100529	0.00201207243460765	0.00380952380952381	0.0	0.0	0.0	0.0	0.0	0.0	0.0	0.0	0.0
chr17:41197753T>G	0.0	0.0	0.0	0.0	0.0	0.0	0.00208333333333333	0.0	0.0	0.0	0.0	0.0	0.0	0.0	0.0
chr17:41197797T>G	0.0	0.0	0.0	0.00213219616204691	0.0	0.00167224080267559	0.0	0.0	0.0015748031496063	0.0	0.0	0.0	0.0	0.0	0.0
chr17:41197850T>G	0.0	0.0	0.0	0.0	0.0	0.0	0.0	0.0	0.0	0.0	0.0	0.0015527950310559	0.0	0.0	0.0
chr17:41203182A>G	0.008	0.00328947368421053	0.00488599348534202	0.00359712230215827	0.00498338870431894	0.00143884892086331	0.00184842883548983	0.003690036900369	0.00181818181818182	0.0	0.00466744457409568	0.0	0.00214132762312634	0.0	0.00444444444444444
chr17:41209034T>G	0.0	0.0	0.0	0.0	0.0	0.0	0.0	0.0072463768115942	0.0	0.0	0.0	0.0	0.0	0.0	0.0
chr17:41209083A>G	0.0	0.0	0.0	0.0	0.0	0.0015748031496063	0.00428265524625268	0.00601202404809619	0.0041407867494824	0.003125	0.00129198966408269	0.00131926121372032	0.00476190476190476	0.0025706940874036	0.00515463917525773
chr17:41209102A>G	0.0421836228287841	0.0413223140495868	0.0307101727447217	0.0204081632653061	0.0245901639344262	0.0112540192926045	0.0262008733624454	0.0266393442622951	0.032051282051282	0.00738007380073801	0.00445103857566766	0.0160427807486631	0.053030303030303	0.0280112044817927	0.018716577540107
chr17:41215255A>G	0.0	0.0	0.0	0.0	0.0	0.0	0.0	0.0833333333333333	0.0	0.0	0.0	0.0454545454545455	0.0	0.0	0.0
chr17:41215261A>G	0.0	0.0	0.0	0.0	0.0	0.0	0.0	0.0	0.0666666666666667	0.0	0.0	0.0	0.0	0.0	0.0
chr17:41216017G>A	0.0062111801242236	0.0024330900243309	0.0	0.0	0.0	0.0	0.0	0.0	0.0	0.0	0.0	0.0	0.0	0.0	0.0
chr17:41226514T>C	0.0	0.0	0.0	0.00763358778625954	0.0	0.0	0.005	0.0	0.00662251655629139	0.0	0.0	0.0034965034965035	0.0	0.0	0.0
chr17:41231309AT>A	0.0	0.0	0.0	0.0	0.0	0.0	0.00680272108843537	0.0023094688221709	0.00213219616204691	0.0	0.0	0.0	0.0	0.0	0.0
chr17:41234578C>T	0.0	0.00307692307692308	0.0	0.0	0.0	0.00446428571428571	0.00609756097560976	0.0	0.0	0.0	0.0	0.00371747211895911	0.00598802395209581	0.0	0.0
chr17:41244246C>T	0.0020746887966805	0.00132978723404255	0.0	0.0	67.0	0.00446428571428571	0.0	0.0	0.00234192037470726	99.0	0.0	0.0078740157480315	0.00704225352112676	0.00226244343891403	0.0
chr17:41245260G>A	0.0034965034965035	0.0	0.0	0.50462962962963	0.0	0.0	0.0	0.0	0.00826446280991736	0.0	0.0	0.0	0.00386100386100386	0.00914634146341463	0.0
chr17:41246878C>A	0.00320512820512821	0.0025706940874036	0.00431965442764579	0.0	0.0	0.00400801603206413	0.00249376558603491	0.0	0.0	0.0	0.0	0.00765696784073507	0.0050125313283208	0.003125	0.00506329113924051
chr17:41249299A>G	0.00815217391304348	0.00398406374501992	0.0	0.001953125	86.0	0.00324675324675325	0.00342465753424658	0.00390625	0.00324675324675325	0.0	0.00346820809248555	0.00220994475138122	0.0	0.0	0.0
chr17:41256084A>G	0.01	0.0	0.0	0.0	0.00591715976331361	0.00909090909090909	0.00558659217877095	0.0	0.0	0.0	0.0	0.0	0.0	0.0	0.0
chr17:41256087GA>G	0.0923076923076923	0.0833333333333333	0.0825688073394495	0.0721649484536082	0.0786026200873362	0.0571428571428571	0.0945945945945946	0.0720720720720721	0.0608695652173913	0.0833333333333333	0.0655737704918033	0.0714285714285714	0.0601092896174863	0.0631578947368421	0.0
chr17:41256089AAAAAAAAAGAAAAG>A	0.0	0.0	0.0	0.0	0.0	0.0	0.0	0.0	0.0	0.0	0.0	0.0	0.0	0.0	0.0
chr17:41256101A>G	0.0	0.00520833333333333	0.0	0.0	0.0	0.0	0.0045045045045045	0.0	0.0	0.0	0.0	0.0	0.0	0.0	0.0
chr17:41256103G>A	0.00735294117647059	0.00261096605744125	0.0265486725663717	0.0	0.00436681222707424	0.00714285714285714	0.0	0.0	0.0	0.00840336134453781	0.00561797752808989	0.00523560209424084	0.0	0.0	0.0
chr17:41256126C>A	0.0	0.0	0.00896860986547085	0.0	0.0	0.00396825396825397	0.0	0.00471698113207547	0.0	0.0	0.0033112582781457	0.0	0.0	0.0	0.0
chr17:41256254T>A	0.0	0.00344827586206897	0.0	0.0	0.0	0.0	0.0	0.0	0.0	0.0	0.0	0.0	0.0	0.0	0.00694444444444444
chr17:41267732T>C	0.00271739130434783	0.00459770114942529	0.0	0.00218818380743982	0.00607287449392713	0.0030441400304414	0.00380952380952381	0.0	0.0	0.00408163265306122	0.00385109114249037	0.00492610837438424	0.0	0.0025	0.00227790432801822
chr17:41267737A>G	0.0	0.0	0.0	0.00436681222707424	0.00202429149797571	0.0015220700152207	0.0	0.00210084033613445	0.00394477317554241	0.0040650406504065	0.00384122919334187	0.00123152709359606	0.0	0.0	0.0
chr17:41267739T>A	0.00271739130434783	0.00229885057471264	0.0	0.0	0.0	0.0	0.0019047619047619	0.0	0.0	0.0	0.0	0.00123152709359606	0.0026246719160105	0.0	0.0
chr11:108128226G>A	0.0	0.00106723585912487	0.00166389351081531	0.00240384615384615	0.0	0.00145348837209302	0.00182481751824818	0.00444444444444444	0.0	0.00395256916996047	0.0	0.0	0.00205761316872428	0.0	0.00203665987780041
chr11:108175550G>A	0.0	0.0	0.0	0.0	0.0	0.0065359477124183	0.0	0.0	0.0	0.0	0.0	0.0260869565217391	0.00609756097560976	0.0	0.0
chr13:32893197AT>A	0.0833333333333333	0.0903790087463557	0.0991735537190083	0.0796019900497512	0.0849420849420849	0.0721003134796238	0.0753138075313808	0.0666666666666667	0.0794392523364486	0.0686274509803922	0.0845070422535211	0.0819277108433735	0.0875576036866359	0.0883720930232558	0.0848214285714286
chr13:32905219AT>A	0.138539042821159	0.164351851851852	0.126934984520124	0.12962962962963	0.136300417246175	0.136774193548387	0.14392523364486	0.124822695035461	0.121555915721232	0.107936507936508	0.134007585335019	0.118873826903024	0.144578313253012	0.151843817787419	0.137285491419657
chr13:32932003T>C	0.0335463258785942	0.02615518744551	0.0234741784037559	0.026813880126183	0.0139372822299652	0.0239680426098535	0.0197568389057751	0.0199750312109863	0.0109289617486339	0.0261682242990654	0.0173812282734647	0.00231481481481481	0.0120300751879699	0.0309734513274336	0.0319634703196347
chr17:41209079T>TG	0.0	0.0	0.0	0.0	0.0	0.419590643274854	0.0	0.0	0.0	0.0	0.0	0.0	0.0	0.00205761316872428	0.0
chr17:41242938GCA>G	0.0142450142450142	0.033625730994152	0.0349344978165939	0.0487804878048781	0.0410557184750733	0.0146341463414634	0.0547945205479452	0.0529411764705882	0.0559701492537313	0.0201729106628242	0.0333333333333333	0.0238095238095238	0.054726368159204	0.0443864229765013	0.0201612903225806
chr17:41256087G>A	0.0230769230769231	0.021505376344086	0.0412844036697248	0.0206185567010309	0.0393013100436681	0.0285714285714286	0.0225225225225225	0.018018018018018	0.0347826086956522	0.025	0.0327868852459016	0.0204081632653061	0.00546448087431694	0.0210526315789474	0.0
chr17:41256087G>GA	0.0538461538461538	0.0456989247311828	0.0412844036697248	0.0515463917525773	0.074235807860262	0.0428571428571429	0.0540540540540541	0.027027027027027	0.0173913043478261	0.0416666666666667	0.0382513661202186	0.0306122448979592	0.0710382513661202	0.0526315789473684	0.0
chr17:41258504A>C	0.0	0.687943262411348	0.0	0.0	0.0	0.0	0.0	0.0	0.0	0.0	0.0	0.0	0.0	0.0	0.0
chr22:29091800C>T	0.0	0.000659630606860158	0.0011454753722795	0.0011441647597254	0.000950570342205323	0.00104384133611691	0.0	0.0	0.00104058272632674	0.0	0.0388625592417062	0.0	0.00145137880986938	0.00109409190371991	0.0
chr11:108202391T>G	0.0	0.0	0.0	0.0	0.0	0.0	0.0	0.00374531835205993	0.482638888888889	0.0	0.0	0.0	0.00363636363636364	0.0	0.0
chr13:32907407A>G	0.0342960288808664	0.000807754442649435	0.00202839756592292	0.00225225225225225	0.0	0.0	0.405660377358491	0.0	0.00238663484486874	0.00394477317554241	0.00431034482758621	0.00900900900900901	0.0	0.00522648083623693	0.0
chr13:32907535C>CT	0.0880626223091976	0.0930232558139535	0.0842105263157895	0.0944055944055944	0.090625	0.109090909090909	0.0985732814526589	0.0895522388059701	0.0924608819345661	0.0795755968169761	0.0936936936936937	0.0773569701853344	0.0808416389811739	0.0849514563106796	0.10201912858661
chr17:41243891C>T	0.0101351351351351	0.0	0.0043010752688172	0.0	0.0	0.0	0.0	0.00233644859813084	0.00479616306954436	0.00309597523219814	0.00211864406779661	0.00183823529411765	0.0	0.00253807106598985	0.00843881856540084
chr17:41256074C>CA	0.0857142857142857	0.0663265306122449	0.0897435897435897	0.0561797752808989	0.112068965517241	0.0465116279069767	0.0600858369098712	0.0645161290322581	0.0625	0.0714285714285714	0.042483660130719	0.0491803278688525	0.0942408376963351	0.0645161290322581	0.0
chr17:41256074CAAAAAAAAAAAAG>C	0.0	0.0	0.0	0.0561797752808989	0.00431034482758621	0.0697674418604651	0.0	0.0691244239631336	0.0528846153846154	0.00793650793650794	0.0261437908496732	0.0601092896174863	0.0	0.043010752688172	0.109677419354839
chr11:108164245CAT>C	0.0	0.0	0.0	0.0	0.0	0.407786885245902	0.0	0.0	0.0	0.311166875784191	0.103049421661409	0.0	0.0	0.0	0.0
chr11:108188266A>AT	0.122615803814714	0.118181818181818	0.148	0.127572016460905	0.137820512820513	0.153846153846154	0.10952380952381	0.110410094637224	0.0830188679245283	0.0795454545454545	0.0962566844919786	0.12987012987013	0.0989010989010989	0.117857142857143	0.101214574898785
chr13:32905219A>AT	0.156171284634761	0.101851851851852	0.126934984520124	0.148148148148148	0.127955493741307	0.125161290322581	0.134579439252336	0.116312056737589	0.147487844408428	0.117460317460317	0.120101137800253	0.131386861313869	0.112449799196787	0.119305856832972	0.129485179407176
chr13:32936620A>G	0.253333333333333	0.222222222222222	0.22962962962963	0.191601049868766	0.199134199134199	0.220125786163522	0.221374045801527	0.184100418410042	0.186813186813187	0.211764705882353	0.228915662650602	0.210633946830266	0.191860465116279	0.141791044776119	0.206982543640898
chr17:41256098G>A	0.0	0.00763358778625954	0.00851063829787234	0.0	0.00858369098712446	0.0	0.00432900432900433	0.00515463917525773	0.0	0.00813008130081301	0.0072202166064982	0.0	0.00543478260869565	0.0	0.0
chr11:108121686G>A	0.26271186440678	0.00193798449612403	0.0	0.00434782608695652	0.00367647058823529	0.0	0.0164609053497942	0.0	0.0	0.0	0.0	0.0	0.00264550264550265	0.0	0.0
chr11:108224389G>A	0.00546448087431694	0.00268817204301075	0.0	0.0	0.554913294797688	0.0	0.0	0.0	0.0078125	0.00598802395209581	0.00975609756097561	0.0238095238095238	0.0	0.0	0.0
chr13:32907535CT>C	0.113502935420744	0.167441860465116	0.113450292397661	0.113636363636364	0.1265625	0.151515151515152	0.147859922178988	0.141791044776119	0.130867709815078	0.124668435013263	0.143243243243243	0.130539887187752	0.115171650055371	0.127427184466019	0.121147715196599
chr22:29121242G>A	0.0	0.00178571428571429	0.00173010380622837	0.0	0.00170648464163823	0.0	0.00178890876565295	0.0	0.0	0.0	0.0	0.00240963855421687	0.0	0.0	0.5
chr11:108188266AT>A	0.174386920980926	0.18030303030303	0.168	0.1440329218107	0.153846153846154	0.153846153846154	0.195238095238095	0.151419558359621	0.162264150943396	0.204545454545455	0.171122994652406	0.142857142857143	0.211538461538462	0.146428571428571	0.186234817813765
chr13:32893207T>A	0.0	0.00294117647058824	0.00421940928270042	0.0	0.0	0.0	0.0	0.0	0.0	0.0	0.0	0.00488997555012225	0.0	0.0	0.0
chr11:108114661A>AT	0.0964705882352941	0.128797083839611	0.0875912408759124	0.0886075949367089	0.0891891891891892	0.0942408376963351	0.101626016260163	0.0984126984126984	0.106109324758842	0.083989501312336	0.0903225806451613	0.0952380952380952	0.136708860759494	0.0837209302325581	0.102102102102102
chr11:108114661AT>A	0.164705882352941	0.168894289185905	0.182481751824818	0.164556962025316	0.172972972972973	0.146596858638743	0.170731707317073	0.2	0.180064308681672	0.173228346456693	0.225806451612903	0.142857142857143	0.19493670886076	0.176744186046512	0.156156156156156
chr17:41256121G>A	0.0	0.0050761421319797	0.0	0.00571428571428571	0.0130434782608696	0.0163265306122449	0.0	0.00975609756097561	0.0	0.008	0.00668896321070234	0.00563380281690141	0.00564971751412429	0.0	0.0065359477124183
chr11:108100085A>G	0.365914786967419	0.375314861460957	0.403448275862069	0.325	0.331412103746398	0.361702127659574	0.358139534883721	0.348739495798319	0.354466858789625	0.371352785145889	0.2981220657277	0.0526315789473684	0.283353010625738	0.368020304568528	0.362162162162162
chr11:108127145G>A	0.00128040973111396	0.00129954515919428	0.00524475524475524	0.0047244094488189	0.00264200792602378	0.00266666666666667	0.446428571428571	0.00126903553299492	0.0	0.0	0.0	0.0337078651685393	0.0	0.0	0.0015600624024961
